text,label
WHOLE. LEE. SHIT.,Lifestyle / General Interest
Backstage at ufc was catered by my friend giovannipaolony of giovannis.italian.deli in White Plains NY! Sensational Italian food!!,Lifestyle / General Interest
LETâS FUCKING GO,Lifestyle / General Interest
WHAT A FUCKING NIGHT. Shoutout to blessedmma for the KO of the century! Repost ufc MAX HOLLOWAY IS ONE BAD BAD MOTHER FER ð BlessedMMA UFC300,Lifestyle / General Interest
"FREEDOM. America is back, baby! ðºð",Podcast Promotion
"Had a really fun time talking to one of the nicest guys ever, the great and powerful adamsandler! Available now on Spotify",Podcast Promotion
"There seems to be an âissueâ where the Trump podcast is âdifficultâ to search for on YouTube, so Iâve uploaded it to X.",Podcast Promotion
Highlight of the night jonnybones with the KO victory followed by the Trump dance.,Politics / Social Commentary
Poatan!!! Repost ufc POATANâS KO FROM ALL 3 ANGLES ð UFC303,Lifestyle / General Interest
What a terrifying and amazing time to be alive.,Politics / Social Commentary
"I had a great time and caught some awesome barracuda with saltshakerbvi in the British Virgin Islands. Thank you to Chad and Jamie, two awesome guys and incredibly knowledgeable about those waters and the fish that live in them. If youâre ever down there on vacation and you want to get in some fishing I canât recommend them enough.",Lifestyle / General Interest
Iâm out here waiting on the Anunnaki.,Lifestyle / General Interest
The most accurate description of my podcast Iâve ever read.,Podcast Promotion
The great and powerful bobbyleelive and I have talked about doing a podcast for over 10 years. Finally we did it! Out tomorrow on spotify,Podcast Promotion
That was pretty fucking dope. solareclipse2024,Lifestyle / General Interest
Ran into Trump. Everything is cool.,Politics / Social Commentary
Went to see the spacex launch live. It was fucking awesome.,Politics / Social Commentary
I had fun with tuckercarlson Available now on spotify youtube and apple,Podcast Promotion
Break in at the White House from my netflix special âTriggeredâ My new special is live this Saturday night at 7pm Pacific 10pm Eastern on netflixisajoke,Podcast Promotion
21 degrees in Austin! Time for a cold plunge! everyfuckingday morozkoforge,Lifestyle / General Interest
WuTang4Lifestyle / General Interest,Lifestyle / General Interest
This season of America is lit. Kudos to the writers. Theyâre killing it.,Lifestyle / General Interest
Wellâ that was pretty fucking surreal.,Lifestyle / General Interest
"14 podcasts in, 0 parks protected. Available now on spotify arishaffir marknormand shanemgillis",Podcast Promotion
The famous Morrison Hotel that the Doors used as the name and cover photo of their 1970 album burnt to the ground today in LA. It was an abandoned building being used by homeless people.,Lifestyle / General Interest
"I had a great time talking to zuck, and marshallmaerogan and I got to try out some awesome new AR devices that Meta is working on. Episode is out now on Spotify!",Podcast Promotion
"I had a great time talking to Quentin Tarantino and Roger Avary about how they met, how they got started making movies, their creative process, and all kinds of other cool shit. Episode is available now on spotify and everywhere else. Also, check out their show, The Video Archives Podcast.",Podcast Promotion
AI is magic that weâre not ready for. Repost rart.digital,Politics / Social Commentary
My man corysandhagenmma has got me hyped with his walkout music! This is an insane fight about to go down right now against the great umar_nurmagomedov! ufc espn,Lifestyle / General Interest
This week at comedymothership! httpcomedymothership.com,Lifestyle / General Interest
"A very fun day with the silliest man alive, my brother harlandwilliams! Episode available now on spotify youtube and Apple",Podcast Promotion
"The great and powerful duncantrussell and I have negotiated with AI and we have decided to comply. Episode out now, wherever our overlords allow it.",Politics / Social Commentary
"I think we can still emerge from this chaos as a better, more informed, and more connected civilization. I think emerging from all this bullshit weâre going though together can unite us. But I think thatâs only possible if more people wake up and understand the parameters of this game weâre playing. Repost samuelriverafilms",Politics / Social Commentary
"One of the most interesting conversations Iâve ever had, with the great and powerful theterrencehoward. Itâs a wild one, and Iâm sure thereâs going to be a lot of mixed reviews, but as crazy as some of the things this man is saying are, heâs clearly brilliant, and if heâs right itâs going to change the world.",Politics / Social Commentary
"This past year has been above and beyond what we could have hoped for when we started the comedymothership. Itâs been an amazing ride, and weâre just getting started. Repost from thejrecompanion â Congrats on an amazing first year joerogan comedymothership ð troyconrads zpixbyjoe cprphotovideo If Iâm missing anyone let me know comedymothership themothership joerogan joeroganexperience thejrecompanion joeroganpodcast",Podcast Promotion
"End of the week post sauna wrap up. The podcast is now back on apple, and we had a great week of shows with drphil kidrock Billy Walters and tomgreen Shout out to salussaunas for the new unit.",Podcast Promotion
The podcast is now officially back on apple We should be back on youtube with full episodes in the coming weeks. Shoutout to spotify for absolutely being the coolest and smartest people Iâve ever had the pleasure of being in partnership with. Iâm very excited the podcast will now have a much broader distribution.,Podcast Promotion
Time for the best job in the world! ufc ufc324 carnivore.snax live on paramountplus,Lifestyle / General Interest
"Lunch, courtesy of hoytbowhunting sitkagear and beast_broadheads",Lifestyle / General Interest
"Remote viewing is real. Aliens exist, and the USA has at least 10 crafts that are from non human intelligence. All according to renowned physicist Hal Puthoff. halputhoff Itâs a wild one! Available now on spotify and everywhere else.",Politics / Social Commentary
LETâS FUCKING GO,Lifestyle / General Interest
This is pretty fucking wild. Repost mattattack009,Lifestyle / General Interest
It was a real honor and a privilege to have a conversation with russellcrowe! Available now on spotify,Podcast Promotion
This is completely normal.,Podcast Promotion
marshallmaerogan loves shogun as much as I do. When the scenes get intense he bites his toy.,Lifestyle / General Interest
"One of the baddest motherfuckers to ever walk the face of the earth, and one of the coolest dudes as well! The great and powerful blessedmma now available on spotify youtube and apple",Podcast Promotion
What a fight! Congratulations to usykaa for winning the Undisputed Heavyweight Championship of the world! And huge props to tysonfury for not just surviving the 9th round but coming back strong. No one recovers from being rocked like Fury. Heâs truly got the heart of a champion. I canât wait for the rematch!,Lifestyle / General Interest
What a fucking night! #ufcfreedom250,Lifestyle / General Interest
Anyone that discourages people from growing their own food is not your friend.,Politics / Social Commentary
This is pretty fucking surreal. #ufcfreedom250,Lifestyle / General Interest
The great and powerful kattwilliams killing it on the podium1racing simulator! Episode available now on spotify youtube and apple,Podcast Promotion
This was the moment I walked into the sphere for the first time. What a venue! Itâs so insane to see in real Lifestyle / General Interest. I hope it translated onto your television.,Lifestyle / General Interest
Tried a different steak cooking method tonight. Sous vide these certifiedpiedmontese tomahawks at 130 for an hour and a half and then finished them in the ottogrills_usa. It came out amazing. worldcarnivoremonth,Lifestyle / General Interest
I say we let Mexico in too.,Politics / Social Commentary
An AI robot got aggressive with spectators in China. The way it did it was eerily human. I donât like this at all.,Politics / Social Commentary
"Today was a good day. More than 80,000 died of drug overdoses just in 2024 the USA and itâs estimated that somewhere around 5.9 million people are currently addicted to opioids in the USA. One dose of Ibogaine has an 80 rate of freeing these people from addiction, and with two doses itâs over 90. And thatâs just addiction. It also has fantastic results for treating PTSD and traumatic brain injuries in veterans. A 2024 Stanfordled openlabel trial n30 US special operations veterans with TBI found magnesiumibogaine treatment led to 88 average reduction in PTSD symptoms e.g., CAPS5 scores, 87 in depression, and 81 in anxiety one month posttreatment.",Politics / Social Commentary
Shout out to all the homies out there blissfully unaware that weâre about 3 years away from living in a terrifying science fiction movie.,Politics / Social Commentary
"I went without kicking for a whole year to deal with a knee injury and thanks to ways2well itâs now 100 pain free. The video of me hitting that bag was yesterday, and in the past if I did that the next day my knee would be sore, but today I feel absolutely perfect. That bag is 130 pounds and the amount of torque generated by kicking full blast is just insane. Itâs one of my favorite things to do and the best way ever to release stress, but before ways2well it felt like every time I did it it just fucked my knee up more. I canât thank them enough. ferrisbuhler81 the owner is an amazing guy and a great friend, and I canât thank him and his company enough. Also, a tremendous thank you to kneesovertoesguy for his knee strengthening exercises. Theyâve made a huge difference in keeping my knee strong and stable.",Lifestyle / General Interest
"I do t know what this is, but I want to believe. Repost inspectortheory",Politics / Social Commentary
I had a great time drinking budlight with kidrock! Now available on spotify and apple podcasts.,Podcast Promotion
"Went down to Ways2Well and did plasmapheresisâ this is the stuff they pulled out of my blood. That yelloworange liquid is plasma â it carries a lot of the inflammatory proteins, toxins, and byproducts that build up over time. They separate it out, remove what they donât want, and replace it so your system can function cleaner. Itâs basically like changing the oil in your body. It seems very weird when you do it, but the people that I know who have tried this have experienced better sleep scores and markedly better recovery. Weâll seeâ Theyâre also working on some nextlevel approaches using biologics alongside the plasma replacement, which is pretty fascinating. Crazy experience. Super curious where this kind of tech is headed.",Politics / Social Commentary
"The great and powerful Elon Musk. Episode now available on spotify and youtube, soon to be uploaded on X as well. He makes an incredibly compelling case about how important this election is.",Podcast Promotion
TREMENDOUS DAY. BROTHERS. joerogan,Lifestyle / General Interest
This Saturday night Iâve got a LIVE comedy special on Netflix 7pm Pacific 10pm Eastern netflixisajoke,Podcast Promotion
This impossibly cute fella is marshallmaeroganâs new best friend. Meet charlielourogan,Lifestyle / General Interest
About to go live with Fight Companion! madflavors_world eddiebravo10p brendanschaub httpyoutube.compowerfuljre,Lifestyle / General Interest
Weâve Got Issues joerogan,Politics / Social Commentary
I had a great time talking to jdvance. Available now on spotify and everywhere else.,Podcast Promotion
"My bestest boy marshallmaerogan is trying to get me to fall off the wagon. I havenât had a drink in about 2 months and I feel great. Almost makes me feel dumb for not quitting a long time ago. I do so many things to stay healthy only to sabotage it with booze multiple days a week. Glad my dumb ass figured it out eventually. Marshall, on the other hand wants to get hammered and go to the dog park. badinfluence",Lifestyle / General Interest
"They released a new batch of wolves a couple weeks ago in Colorado, right onto a friendâs ranch. He found this elk leg in the snow after neighbors spotted the wolves on the prowl. He has livestock on his land and no one even bothered to alert him as to what they were planning. He said he thinks it was 5 wolves. This is only 30 minutes outside of Aspen. Iâm a fan of wolves, and all wildLifestyle / General Interest, but I think ballot box biology is a terrible idea. Most of these people all gung ho for the reintroduction have no idea what theyâve voted for. Thereâs a reason why they eradicated wolves from the west ages ago, and a reason why theyâre the bad guys in every old fairy tale from little red riding hood to the 3 little pigs. Theyâre brilliant, ruthless hunters, and they will kill and eat everything they can, including cattle, horses and dogs. Aspen is going to get very weird in the upcoming years, and Iâm sure many people are going to regret this decision. Theyâll have to eventually allow wolf hunting when the numbers get too high, but good luck hunting them or even finding them if they donât want to be found.",Politics / Social Commentary
Updated my bio.,Lifestyle / General Interest
"My man joshbrolin is a special human being. Fun and intelligent, friendly and soulful. I really enjoyed talking to him. Episode is out now on spotify and everywhere else.",Podcast Promotion
I just finished binge watching the 6 seasons of Peaky Blinders on netflix. What a fucking show. I canât recommend it enough.,Lifestyle / General Interest
WHAT A DAY! Everyone in podcasting owes this man some serious gratitude for paving the way. Thank you joerogan You are one cool MFer!,Lifestyle / General Interest
Kisses from the great marshallmaerogan,Lifestyle / General Interest
"Weâre all going to miss jonnybones when heâs gone. Like my brother davidgoggins likes to say, he is âuncommon amongst uncommon men.â Repost from jtgstoic â There is a savage beast in every man. Believe in yourself, take on your challenges, and dig deep within yourself to conquer fears. ðââââââ ââââââââââââââââââââââââ Speaker joerogan ââââââââââââââââââââââââ mindset motivation successmindset positivemindset believeinyourself billionairemindset athletemotivation stoicmotivation fitnessmotivation gymmotivation nevergiveup championsmindset championsmentality mmamotivation ufc jonjones joerogan",Lifestyle / General Interest
We had fun! Sober October Crew now available on spotify seguratom arishaffir bertkreischer,Podcast Promotion
"Update on wolves in Aspen, Colorado Back in February I posted about wolves being released on my friendâs ranch outside of Aspen, and the devastation it was bound to cause. Since then just on his neighborâs property theyâve had 7 calves and one cow killed by wolves, along with 4 calves and one cow wounded. And this is just one property. This Memorial Day weekend there was a series of wolf attacks at Lost Marbles Ranch, Crystal River Ranch and McCabe Ranch leaving two calves dead and others injured. These ranches have to hire men to patrol throughout the night to try to scare off wolves, and even that isnât enough. These are cunning and intelligent killers that theyâve moved into Aspen, and they havenât even started breeding yet. The people who live in this area are rightly freaked out by whatâs happening and itâs only going to get worse. For the record, I love wolves and all wildLifestyle / General Interest, but moving intelligent, ruthless predators into a community filled with cattle ranches that have no experience with wolves is an insanely stupid thing to do. And theyâve spent over 4.7 million dollars of taxpayer money doing it. Ballot box biology is a terrible idea, because most people have a romantic idea of what it means to have wolves living in the mountains near them. The people outside of Aspen are getting to experience what itâs really like, and itâs only going to get worse.",Politics / Social Commentary
This song slaps. Repost wellesmusic,Lifestyle / General Interest
It happened again ð That was a wild ride! plus my new best friend Carl,Lifestyle / General Interest
"I was elk hunting in the mountains all week with very limited service, so I missed out on all the fun screeching about the Jimmy Kimmel situation. My brother andrewschulz nailed it all beautifully. Iâll be back to podcasting on Monday and weâll go over it all.",Lifestyle / General Interest
The happiest dude in the world riding shotgun. marshallmaerogan,Lifestyle / General Interest
Elk steaks on the traegergrills for lunch. Wild game is the best food on earth. Dope elk antler handle knife by halffaceblades,Lifestyle / General Interest
"I am very happy to announce that I will extend my partnership with Spotify, the largest podcast platform in the world. In addition to being available on Spotify, the show will soon be available on additional platforms like Apple, Amazon, and YouTube. I would also like to sincerely thank all the people who enjoy the show. I feel insanely fortunate to have such a platform, and I absolutely love doing it. I also feel insanely fortunate to be able to have so many long, indepth conversations with so many cool, and interesting people, and it makes me happy as fuck to know so many people enjoy watching and listening.",Podcast Promotion
Elk steaks for dinner. Covered them in olive oil and traegergrills blackened Saskatchewan rub. Cooked it 225 until it got an internal temperature of 125 then finished it on a cast iron skillet. Served it with Kimchi. It was delicious.,Lifestyle / General Interest
This next season of America is gonna be lit.,Politics / Social Commentary
"One of my new favorite ways to cook elk. Sliced about 12 inch thin seasoned with pitmasterus OG, fried in beef tallow with a slice of cheddar on top and sliced jalapeno. Perfection. Dope elk antler steak knife by halffaceblades from an elk I hunted.",Lifestyle / General Interest
"Thank you to everyone wishing me a happy birthday, but itâs not my birthday. Itâs kind of an inside joke, but people always call Dana me and call me Dana. Anyway, itâs his birthday and heâs an awesome person and I love him to death. Happy birthday my brother! danawhite",Lifestyle / General Interest
We live in the most entertaining timeline. Repost gatewaypundit,Politics / Social Commentary
"How the fuck does this even exist? I mean, what bizarre pathway of evolution has enabled a fish to look like an underwater plant, and have a lure, and a pole growing off its face. I hope one day AI can map out the path this creature took to become this amazing thing. Repost explorer_animal",Politics / Social Commentary
Fought for Canadian workers and Canadian interests on the worldâs biggest podcast. Thank you joerogan for an amazing conversation. Letâs get tarifffree trade.,Politics / Social Commentary
A beautiful day on the trails with my boy marshallmaerogan,Lifestyle / General Interest
"A fun time with one of the baddest motherfuckers on earth, the great and powerful iliatopuria! Now available on spotify and everywhere else",Podcast Promotion
Fun times with madflavors_world,Lifestyle / General Interest
Celebratory post show cocktails with the homies! What an epic experience that was and a huge thank you to everyone that tuned in! tonyhinchcliffe arimatticomedy,Lifestyle / General Interest
"The great and powerful aaronrodgers12 and marshallmaerogan, now available on spotify",Podcast Promotion
"Great food and conversations with great friends is fuel for the soul. Had a perfect evening last night with my brothers bryancallen and ericrweinstein at viavenetosantamonica where the food is absolutely sensational, and then a cigar at hollywoodsmokecigars",Lifestyle / General Interest
I think one of the most interesting moments of the podcast with johnfetterman was when we were talking about immigration. I think everyone should understand exactly what is happening.,Podcast Promotion
"First meal of the day Nilgai patties, elk liver and bacon with some senorlechugahotsauce worldcarnivoremonth",Lifestyle / General Interest
These fucking parks are not going to protect themselves! arishaffir marknormand shanemgillis and I had a great fucking time and we hope you do too. Available now on spotify Happy Thanksgiving!,Podcast Promotion
Broke in my new traegergrills with some elk back straps.,Lifestyle / General Interest
We went hard. 5 hours of drunken shenanigans with arishaffir marknormand and shanemgillis Protect Our Parks 11 now on spotify apple and youtube,Podcast Promotion
âBut the peopleââ,Politics / Social Commentary
It was an honor and a privilege to sit down and have a conversation with woodyharrelson. What a friendly and cool guy. I really enjoyed it. Episode is available now on spotify and everywhere else.,Podcast Promotion
Three monsters today. Thanks joerogan. Episode out now.,Podcast Promotion
Shout out to sideserfcakes for the incredible sabrinacarpenter cake they made for my daughterâs birthday. Incredible delicious art!,Lifestyle / General Interest
Tomorrow night! netflix,Podcast Promotion
The long anticipated debate between Graham Hancock and Flint Dibble is available now on spotify apple and youtube,Podcast Promotion
"Saturday, August 3rd Iâm doing a live comedy special on netflix at 10pm east coast time. Iâm very pumped for this and I hope you enjoy it.",Podcast Promotion
"Elk, jalapeÃos and montanaknifecompany 3 weeks ago this dude was screaming in the Utah mountains, and last night he was a delicious dinner for my family.",Lifestyle / General Interest
marshallmaerogan wanted in on the fun. solareclipse2024,Lifestyle / General Interest
We live in the funnest timeline.,Politics / Social Commentary
Backstage at thegarden with my man giovannipaolony of giovannis.italian.deli and these insane sandwiches he made for us! Absolutely incredible. The meatballs were fire too!,Lifestyle / General Interest
"A dream come true!! ð joerogan I have spent years preparing for the day I would earn my spot on the world's biggest podcast. An opportunity this big is not one to squander or play safe, not going for a double or a triple but rather a walk off grand slam. I went for it, took big risks and relished the blown away reactions of Joe and jamievernon and even more so the big laughs. Thank you again joerogan for having me on, it was truly a pleasure and an honor ðð",Lifestyle / General Interest
The great and powerful blessedmma received this amazing painting from rossbainesart of his ufc 300 celebration,Lifestyle / General Interest
"This is how good originusa camo is. This cow elk was feeding right past us, coming as close as 10 feet away. Never knew we were there. I waited until her head was down to film this, and by that time she was still only about 20 feet away. Pretty awesome. This was in the mountains of Utah. Incredible moment!",Lifestyle / General Interest
dennisquaid is a cool motherfucker. An honor to meet him and have him on the podcast. Episode available now on spotify,Podcast Promotion
At this point I think theyâre just fucking with us.,Politics / Social Commentary
"Amazing news! We did it! The public land sale has been removed from the bill!! Repost Repost from meateater â Every now and then, the good guys win. Because of thousands of voicesâyours includedâmillions of acres of public land were struck from the chopping block. The threatâs been erased from the bill. Not walked back. Not delayed. Erased. Itâs the kind of victory that doesnât make headlines, but it ought to. Because this wasnât just about keeping some remote corner of the West intact. It was about defending an idea. That this land belongs to all of us. That access to wild places isnât a luxuryâitâs a right earned and protected by citizens willing to speak up. Teddy Roosevelt once said, âA vote is like a rifle its usefulness depends upon the character of the user.â And this week, the American people proved their character. But letâs not mistake this for the end. This was one battle. Thereâll be more. So take a moment. Step outside. Breathe it in. The landâs still oursâfor now. Letâs keep it that way. meateater fueledbynature",Politics / Social Commentary
"The nadcburger collaboration I did with them and senorlechugahotsauce is insane. Burgers donât get better. Itâs not possible. The fries are cooked in Wagyu beef tallow, dusted with potato starch and fried twice. Incredible. Their food truck is in the parking lot behind comedymothership until Monday night.",Lifestyle / General Interest
"Torrisi in NYC. About as good as itâs possible for Italian food to be. Fucking sensational. East Coast Italian food is my favorite, and itâs the main thing I eat when I come to New York. Torrisi knocked it out of the fucking park. Kudos to majorfoodgroup",Lifestyle / General Interest
Can you imagine if @justin_gaethje pulls it off? Think about Mondays headlines. Well…he pulled it off. This gave me chills. @fight.riddle,Lifestyle / General Interest
"Austin has an abundance of awesome places to eat, and Iâve been meaning to try kgbbq for a while, so when I got a chance to go there with my brother bambambaklava for âFuck, thatâs deliciousâ I jumped on it! Texas BBQ with some distinctive Egyptian spices! Absolutely incredible. The owner, Kareem, has an amazing story of living in Cairo and falling in love with Texas BBQ when he came here to visit, and eventually moving here to follow his dream. If you get a chance to go there donât miss out! Repost kgbbq kgbbq Blessed with 2 legends visiting my food truck this week! bambambaklava thanks for choosing us for your amazing show fckthatsdelicious and joerogan canât believe it took you that long to visit!! Loved hanging out with yâall, talking BBQ and everything else. I hope we meet again soon!",Lifestyle / General Interest
"I donât think thereâs a restaurant in America that I can enthusiastically recommend as much as chefjoseandres bazaarbyjose in Vegas. Just sensational. Pork with crispy pork skin, venison, bison, amazing beef this place is off the charts good. I come here almost every time Iâm in Vegas and Iâm always impressed. If you ever get the chance to come here, donât miss out.",Lifestyle / General Interest
"Thank you joerogan and marshallmaerogan for the workout, the cold plunge pain, and great conversation! Time has flown by since the first time you had me on your show, but so much has happened in the world in those short years. Through it all, Iâm so grateful for your friendship and support, and the positive impact you have on those around you. Thank you ðð½",Lifestyle / General Interest
The gang is all here! jon_anik dc_mma meganolivi for ufc 306!ð²ð½,Lifestyle / General Interest
"An honor being on with the GOAT, joerogan . My goal is to make LA so awesome, we can win him back from Texas.",Lifestyle / General Interest
What a fucking night!,Lifestyle / General Interest
I had a great time talking to Bono and marshallmaerogan got a cuddle session with his favorite rock star. Episode available now on spotify and everywhere else.,Podcast Promotion
Weâve got issues at the southern border. Our tax dollars are being used for unimaginable purposes. border jre wevegotissues,Politics / Social Commentary
"I love rucking. Itâs a great way to get real exercise out of a normal hike. This outdoorsmans pack I wear has a post so you can put plates on it. This is just 45 pounds, which is a fairly normal amount of weight that the average American wants to lose. Itâs always shocking how uncomfortable just a small amount of weight like this is in a pack, and I always think about how many people who are carrying around this amount of extra body weight must feel, and how relieved I feel when I take it off.",Lifestyle / General Interest
The cutest use of AI yet. madflavors_world,Politics / Social Commentary
"dc_mma had his phone splattered with blood at the end of the main event. What a performance! alexpoatanpereira is a monster, and khalilrountree has the heart of a true warrior. What a fight!",Lifestyle / General Interest
"RECENTLY SPENT THE DAY WITH MY BROTHA joerogan TRAINING FOR SUCCESS, PHILOSOPHIZING AND DEMOLISHING SOME DELICIOUS FLESH kgbbq HERE WE HAVE TWO MEN DOING KETTLEBELL COMPLEXES IN UNISON. PART 1. GREAT DAY. fckthatsdelicious",Lifestyle / General Interest
A huge thank you to giovannipaolony giovannis.italian.deli and g_and_r_deli_ for feeding us in the UFC dressing room before the fights in Newark! Phenomenal as always!,Lifestyle / General Interest
Getting some treatments with the great and powerful francisngannou at ways2well! These people have helped me so much and Iâm so happy Francis is getting treated here as well. Theyâre so thorough and itâs been amazingly beneficial to me.,Lifestyle / General Interest
The great and powerful theovon dropping science at the comedymothership,Podcast Promotion
Can one of you android fanboys explain this? remiwarren has a Samsung and itâs not letting him use his phone right now because it just started randomly downloading whatever the fuck this is. Thoughts?,Lifestyle / General Interest
"I have a lot of shit on my mind. Always. But when Iâm out in the sun in the 98 degree Texas heat dropping 74 yard bombs into the vitals, all those things go away.",Lifestyle / General Interest
"Thank you for tuning in! That was a wild experience. Thank you to the amazing crowd in San Antonio for being so fucking cool, thank you to netflix and thank you to my amazing friends ronwhiteofficial tonyhinchcliffe and arimatticomedy What a ride that was.",Lifestyle / General Interest
"Watching the replay of the outstanding title fight last night between gervontaa and oneof1x. I had never seen Lamont fight before, but Iâm a big fan now. Fight was a draw, but it was an amazing contest and I really hope they run it back.",Lifestyle / General Interest
Fun times in the comedymothership green room with tonyhinchcliffe bret.weinstein tulsigabbard and abrahamwilliamsdp ðºðððºð,Lifestyle / General Interest
"DOING HARD THINGS RESHAPES YOUR BRAIN Anterior MidCingulate Cortex MAKES IT EASIER TO DO OTHER HARD THINGS â This topic was discussed on the joeroganexperience podcast JRE No. 2195 as a daily protocol, the key feature being that you do something you donât enjoy, but that is adaptive healthy overall for you. The data indicate this may even allow you to maintain cognitive function to later ages and to possibly even live longer. You can listen to and watch the entire podcast on spotifypodcasts and other platforms. Many topics in the realms of science, health, media, olfaction sense of smell, creativity and human performance, were discussed during the episode. And we did 2 rounds of experiments with smelling saltsâ Thank you Joe for hosting me, and thank you everyone for your interest in science! hubermanlab stanford.med stanford joerogan health neuroplasticity",Politics / Social Commentary
Shoutout to officialjenphillips for this insane sculpture she created for the comedymothership!,Lifestyle / General Interest
It was a beautiful night to have fun with friends and watch some great fights! Always a pleasure when the great madflavors_world is in town!,Lifestyle / General Interest
Backstage with an equipment box at the ufc weigh ins that has the old school logo. This box has seen some shit! Itâs been around since the early days when we were banned from cable. Brings back great memories!,Lifestyle / General Interest
Just when you thought things couldnât get more fun on this season of earth. Coked up sharks!,Politics / Social Commentary
Shoutout to the great and powerful rossbainesart for the dope painting of Hendrix on the JRE. Imagine how cool that conversation would have beenâ,Podcast Promotion
I just watched episode 1 of thegentlemen on netflix and HOLY FUCK. Itâs amazing. Guy Ritchie killed it again!!,Lifestyle / General Interest
realroyce,Lifestyle / General Interest
"Thank you to my friend Nick from gaetanosristorante for taking care of us after the fights. The food was phenomenal! Iâve been going to Gaetanoâs since 1994 when they were in Calabasas, and theovon Din Thomas, jon_anik dc_mma and I had an incredible post fight meal. If youâre ever out in Vegas and you want legit Italian food this is the spot! Thank you! theamaroLifestyle / General Interest",Lifestyle / General Interest
Itâs been an amazing 3 days of watching my brother madflavors_world light up the audience at the comedymothership! Weâre gonna make this a regular thing. Shoutout to troyconrads with the dope photography skills!,Lifestyle / General Interest
"The amount of pressure involved in running one final rack for 250,000 is just INSANE. And my man gorstyanich pulled it off to become the World 9 ball Champion today and claim the biggest prize in professional pool history. Congrats! repost matchroompool",Lifestyle / General Interest
"Last night my brother oliver_anthony_music_ performed at comedymothership, and it was glorious. This was our first weekend with a musical performer and it was really amazing.",Lifestyle / General Interest
6 days! Letâs fucking goooooo! Repost thejrecompanion Live Special! Joe Rogan âBurn The Boatsâ Only on Netflix Saturday 83 Follow joerogan Follow thejrecompanion joerogan burntheboats joeroganexperience jre thejrecompanion joeroganpodcast,Podcast Promotion
"When in Jersey! We had to stop by and have dinner with madflavors_world at his favorite spot, ilnidonj! The food was INSANE!",Lifestyle / General Interest
WE ARE NOT ALONE. lueelizondo the former head of the Pentagonâs Advanced Aerospace Threat Identification Program spills the beans. Available now on spotify and youtube,Podcast Promotion
The master! madflavors_world,Lifestyle / General Interest
âWeâre living in a simulationâ,Lifestyle / General Interest
"My Spotify playlist âGreen Roomâ is available to everyone. Itâs currently over 18 hours long, and it features a pretty wide variety of artists everything from garyclarkjr to Nina Simone, to jellyroll615 to Lynyrd Skynyrd to Janis Joplin and wutangclan. New shit gets added to it all the time, and itâs the actual playlist we use in the comedymothership green room.",Lifestyle / General Interest
"I really enjoyed talking with magnus_carlsen about the Lifestyle / General Interestlong obsession heâs had with chess, and the state of the game. Heâs a very interesting and friendly guy, and itâs always fun to try to pick the brain of such a high level performer. Thank you also to my brother tonyhinchcliffe for sitting in with us. Tony loves chess, so it was a big treat for him as well. Podcast available now on spotify and everywhere else!",Podcast Promotion
"Elk liver, fresh eggs and senorlechugahotsauce. Letâs fucking gooooooo",Lifestyle / General Interest
"Yes, JoeRogan veterans are the most deserving of benefiting from psychedelic therapy.",Politics / Social Commentary
"We go again ð Meth, pyramids testicle transplants a pleasure doing business with you sir ð",Politics / Social Commentary
Austin! Tickets for this week at comedymothership go on sale today at 2pm CST httpcomedymothership.com,Podcast Promotion
This one is FUCKING WILD. Literally. Ben Lamm and his team are Colossal Biosciences have brought back the Dire Wolf. Fascinating conversation available now on spotify,Podcast Promotion
Awwwwwwww! jamievernon carlroofus,Lifestyle / General Interest
"This is something that I think every person should know about. This is just one of these AI bot experiments that has been exposed, and thereâs no telling how many more are active right now. The terrifying thing is how effective they are. Repost from aiconversation â â ï AI bots secretly manipulated thousands of Reddit usersâand no one noticed. Researchers at the University of Zurich ran 13 bots that posted 1,500 comments, changing minds 6x more effectively than humans. â AI scanned usersâ histories before replying â Crafted hypertargeted persuasive arguments â Undetectableâearned 10,000 karma Reddit is now taking legal action. But the real question isâ How many bots are still out there? ð AIManipulation RedditBots TechEthics AITruth SocialMediaManipulation",Politics / Social Commentary
The great and powerful harlandwilliams is a one of a kind awesome human being. New episode available now on spotify and everywhere else.,Podcast Promotion
"Date night dinner a few nights ago at one of my favorite spots, hestia_austin. The just won a much deserved Michelin Star. We did the chefâs tasting menu and it was fantastic.",Lifestyle / General Interest
timjdillon is a national treasure.,Politics / Social Commentary
"This was one of the most important podcasts Iâve ever done, especially if you, or someone you know have struggled with addiction. governorperry and w_bryan_hubbard joined me to discuss Ibogaine therapy, and the efforts that have been made to bring it to Texas and to get this miraculous plant off the schedule 1 list. It has a truly insane rate of success for helping people kick addictions, cure anxiety and depression, and even many neurological conditions. The podcast is available now on spotify and everywhere else.",Podcast Promotion
"âHey dad, tell him that thing about how our ancestors were wolvesâ marshallmaerogan and charlielourogan delivering an overload of cuteness.",Lifestyle / General Interest
We're about to find out that we turn into those gray aliens.,Politics / Social Commentary
JRE EP2219 President Trump âIt was the department of commerce that needed the approvals but Gavin Newsom had to sign them...You got so much water all you have to do is sign. That guy didnât want to sign.â It is now believed that the LA wildfires could be the costliest natural disaster in the nationâs history.,Podcast Promotion
"From censorship to corruption, health freedom to longevity, joerogan and I dove deep into the truth about whatâs happening to our health, and why no one in power is fixing it. The full episode is officially LIVE! ð² Comment âROGANâ below to get the link.",Podcast Promotion
"Tried out a phenomenal new Mediterranean steak house in Austin aris.atx Incredible food and a very cool vibe. Theyâve only been open for a couple weeks. Weâre so lucky to have such awesome restaurants in town, and this one is definitely one of my favorites now.",Lifestyle / General Interest
Letâs fucking gooooooo! Repost ufc A Historic Card for a Historic Event ð Watch UFC300 live on ESPN PPV! B2YB DudeWipes,Lifestyle / General Interest
Fun times with the Rocket Man. Now available on spotify,Podcast Promotion
John Cleese nailed it 30 years ago. Amazing how little things change. Repost builders,Politics / Social Commentary
Had an amazing and terrifying time at officialescapeit in Vegas. The most creative and detailed escape room Iâve ever seen! If you like escape rooms I canât recommend this place enough.,Lifestyle / General Interest
My man postmalone put on a beautiful show last night at cota_official,Lifestyle / General Interest
Had a great conversation with joerogan and got to watch Starship's epic launch landing live. This is why I love America. LFG!!!,Podcast Promotion
"There are very few activities that clear your mind like archery. In order to be accurate you have to have an entire shot process, and all your technique dialed in. Your mind has to be completely focused on this one task, and when you do that, the rest of the world just goes away. And the feeling of watching an arrow soar 74 yards and drop right into where youâre aiming is a unique satisfaction thatâs different than every other discipline Iâve ever pursued.",Lifestyle / General Interest
"This is really nuts. This discovery of a million year old human skull pushes back the time homo sapiens existed by at least 500,000 years.",Politics / Social Commentary
"We canât let them sell public land. Itâs a short sighted solution with massive long term consequences. Public land is ours. All of ours, and theyâre trying to sell it without our consent. Listen how my brother cameronrhanes lays it out. Repost cameronrhanes Hereâs the facts... senmikeleeâs latest iteration is more of the same. He doesnât get it or just doesnât care. All we can do is voice our concerns to our senators, governors, representatives, maybe even potus if he wants his âBig Beautiful Billâ to ever see the light of day. Please tell anyone else who will listen how we feel about Senator Lee and his obsession with selling public land. Please call, emailor write...share your posts, your thoughts and your feelings of being unheard with political leadership in your state.",Politics / Social Commentary
"Eland tenderloin I cooked on the traegergrills. chefaustinsimmons sent this meat to me that he harvested at tributarysporting. It was sensational. I used his triswoodlands Kimchi steak sauce on it, and it was incredible.",Lifestyle / General Interest
Had a great time with the fellas watching gordonlovesjiujitsu do his thing. bscomedian lexfridman shanemgillis,Lifestyle / General Interest
Tomorrow night is gonna be bananas! #ufcfreedom250 @dc_mma @jon_anik,Lifestyle / General Interest
Post protect our parks 11 resources have arrived. nadcburger,Politics / Social Commentary
Iâm so fucking pumped! Fight day! ufc ufc309,Lifestyle / General Interest
Hanging out with Bill Murray was everything I hoped it would be. Episode is out now on spotify,Podcast Promotion
"Election Day shenanigans with the wizard of ranting, the great and powerful timjdillon available now while youâre sweating the results.",Politics / Social Commentary
Weâre back! Protect Our Parks available now!,Podcast Promotion
"So, I wanted to see what itâs like to take the day off caffeine. I was good until about 530 pm, and I started feeling hungover and like my brain was replaced with wet cotton. I wonât be doing that again.",Lifestyle / General Interest
"3 hours with the rocket man. We talked about the madness of AI and itâs potential massive benefits to humanity and the dangers of it going sideways, government corruption on a catastrophic scale, and the launch of his new car thatâs so advanced it barely qualifies as a car. Available now on spotify",Podcast Promotion
marshallmaerogan and his bestie carlroofus at the studio,Lifestyle / General Interest
marshallmaerogan hops off the couch when he sees bears on TV.,Lifestyle / General Interest
Driverless robot car in Austin.,Politics / Social Commentary